Name,Messages
Aadi Cherry,0.0
Atharva Suryawanshi,0.0
azreal9597,0.0
Rythm 2,0.0
ianthomas,0.0
Garishbookk,0.0
Rythm,0.0
ALFAxKILLER,0.0
Invincible,0.0
Yash_Melody,1.0
aayush_hembade,0.0
Danika Patil,0.0
Aditya Avocado,0.0
Dank Memer,0.0
maanikya.9,0.0
soham walkey,0.0
JoeÂ°,0.0
Karteek,10.0
PARZIVAL,0.0
Aki,0.0
Dyno,0.0
JoJo,30.0
Horus,0.0
BOSSAliens,0.0
AnNaY,0.0
TeXit,0.0
prateek,0.0
å‰å§† Â· å¸ƒç¾…,0.0
tiya,0.0
Namastemishraji,0.0
MEE6,0.0
keith,0.0
Blunderer,15.0
niven,50.0
Devansh,0.0
DhanOSğŸ¤–,0.0
Jesvin,0.0
BADAssMONKEY,0.0
nobody cares,0.0
Octave,0.0
Groovy,0.0
sid20,0.0
PRiME141x,0.0
Aarya.,0.0
Rocco8033,0.0
Soham Apple ğŸ,0.0
upamanyu26,0.0
Kishore Kumar,0.0
gear,3.0
